loss,binary_accuracy,precision,recall,auc,val_loss,val_binary_accuracy,val_precision,val_recall,val_auc,lr
0.6912738680839539,0.6121856570243835,0.6023388504981995,0.5915282368659973,0.6587607264518738,0.8710139989852905,0.5642708539962769,0.7279767394065857,0.16158144176006317,0.6845197677612305,0.001
0.46510493755340576,0.7809178233146667,0.7685790657997131,0.7850008010864258,0.8607282638549805,0.9616872072219849,0.5927083492279053,0.6339475512504578,0.3834119141101837,0.6446072459220886,0.001
0.34935280680656433,0.8481980562210083,0.8363484144210815,0.8544415235519409,0.9245662689208984,1.5368320941925049,0.5596874952316284,0.7228541970252991,0.1500644087791443,0.6354408860206604,0.001
0.27057966589927673,0.8863365054130554,0.8790587186813354,0.8879807591438293,0.9551911354064941,1.4247158765792847,0.5492708086967468,0.607731282711029,0.20548532903194427,0.6201445460319519,0.001
0.13201339542865753,0.9507129788398743,0.9481197595596313,0.9504992961883545,0.9887973070144653,1.3894917964935303,0.5909374952316284,0.616190493106842,0.41661301255226135,0.6513260006904602,0.00025
