loss,binary_accuracy,precision,recall,auc,val_loss,val_binary_accuracy,val_precision,val_recall,val_auc,lr
0.0922446921467781,0.9666839241981506,0.9654601812362671,0.9659242630004883,0.9937328100204468,0.6283332109451294,0.832812488079071,0.8593308329582214,0.7834586501121521,0.9035049676895142,0.01
0.07362329214811325,0.9727767705917358,0.9720070362091064,0.9719032049179077,0.9959243535995483,1.7947310209274292,0.7287499904632568,0.9453125,0.46778351068496704,0.8238117098808289,0.01
0.055932242423295975,0.9805548191070557,0.9803271889686584,0.9795939922332764,0.9973751902580261,0.7685912251472473,0.8305208086967468,0.8533115386962891,0.7856989502906799,0.8962010145187378,0.01
0.05378471314907074,0.9799066781997681,0.9791254997253418,0.9794915318489075,0.9977721571922302,0.7129089832305908,0.8464583158493042,0.8752940893173218,0.7975986003875732,0.9118626713752747,0.01
0.01649739034473896,0.9942701458930969,0.9942814111709595,0.9939095973968506,0.9997047781944275,1.9253318309783936,0.7233333587646484,0.9346320629119873,0.4629073739051819,0.8222583532333374,0.0025
